first_name,email
Marielle,mtembey0@economist.com
Pat,pclewarth1@ifeng.com
Alick,abrewitt2@gov.uk
Josselyn,jmarc3@sciencedirect.com
Adella,awhitbread4@google.com.au
Artair,akezourec5@chicagotribune.com
Karyn,ktopling6@mail.ru
Cindy,cradoux7@tuttocitta.it
Aloysia,aauchinleck8@histats.com
Etta,ewestbrook9@who.int
Kettie,kkeysa@blog.com
Levin,lbeilbyb@telegraph.co.uk
Robyn,rhattonc@illinois.edu
Obadiah,oreisind@ucla.edu
Antoine,ahinere@scribd.com
Brittni,bnewgroshf@hexun.com
Tonye,tjerromg@purevolume.com
Hashim,hduiganh@cbslocal.com
Morgana,mmotteni@tripadvisor.com
Shelden,sfallawej@seattletimes.com
Louise,lrattrayk@acquirethisname.com
Hedvige,hhattoel@constantcontact.com
Loren,lshallom@aboutads.info
Lewiss,lambergern@ask.com
Abner,aksandrao@ftc.gov
Adena,aahrendsenp@imageshack.us
Biddy,bsirlq@delicious.com
Jose,jguntripr@posterous.com
Noreen,njanouts@ocn.ne.jp
Merrill,mhalwoodt@columbia.edu
Rea,rkeaveneyu@samsung.com
Mimi,mchardv@acquirethisname.com
Sayers,sseabertw@google.com.hk
Cherin,csaltresex@dot.gov
Judd,jmapstony@soup.io
Marjory,mmarchantz@exblog.jp
Brenn,bdurno10@cpanel.net
Stacy,spigney11@cam.ac.uk
Jelene,jinde12@msn.com
Analise,arollins13@t-online.de
Astra,awalklott14@state.tx.us
Sadella,streat15@ox.ac.uk
Carleen,csimnett16@google.com.hk
Marlee,mbrownsall17@ifeng.com
Olivie,odebeauchamp18@sciencedirect.com
Fletcher,ffeatherstonehaugh19@cisco.com
Skipp,sburkitt1a@deliciousdays.com
Timi,tsearl1b@baidu.com
Cynthea,csayce1c@npr.org
Parsifal,pbolens1d@dropbox.com
Imogene,imilkeham1e@sfgate.com
Heidie,hfrisch1f@tiny.cc
Brittani,bmcnair1g@miitbeian.gov.cn
Willie,wgidman1h@mashable.com
Durand,dcuthbert1i@independent.co.uk
Charlean,cfowden1j@globo.com
Linnell,ltopham1k@rakuten.co.jp
Titos,tcummins1l@ed.gov
Bernete,blinscott1m@uiuc.edu
Pate,pbenedicte1n@pcworld.com
Martguerita,mmcquaide1o@simplemachines.org
Henka,hcapin1p@delicious.com
Reinhold,rjakubiak1q@vkontakte.ru
Nico,nfranceschino1r@timesonline.co.uk
Aubrey,aallport1s@eventbrite.com
Normand,nladloe1t@yandex.ru
Ronny,rmacevilly1u@tiny.cc
Barris,bdear1v@addthis.com
Jasun,jakitt1w@google.de
Roda,rugoni1x@tripod.com
Teresina,tlewsley1y@ovh.net
Rae,roakshott1z@networksolutions.com
Geordie,gkaines20@constantcontact.com
Rachele,rdidello21@apple.com
Lolita,laynscombe22@npr.org
Torin,tmadgewick23@nbcnews.com
Eliot,efackrell24@washington.edu
Dulcia,dstent25@si.edu
Lea,lochterlonie26@mediafire.com
Ginnifer,gmidden27@ask.com
Jaquenetta,jyurikov28@indiegogo.com
Mirabel,mchieze29@aol.com
Laney,lroebuck2a@rediff.com
Rosamund,rboerder2b@who.int
Leonidas,lneighbour2c@networkadvertising.org
Zelda,zkeble2d@livejournal.com
Waylin,whould2e@engadget.com
Lorrie,lelverstone2f@weibo.com
Yevette,ybalazs2g@1688.com
Colene,csayburn2h@ft.com
Rosaleen,rjennins2i@wix.com
Tyson,twheadon2j@cargocollective.com
Chrystal,cwort2k@biglobe.ne.jp
Carlene,cgrass2l@wix.com
Gerrie,gpicken2m@skype.com
Stu,struwert2n@weather.com
Papagena,pmckevitt2o@blogs.com
Agnella,achalliss2p@elegantthemes.com
Paulie,ppetters2q@go.com
Rafe,rbrecknall2r@woothemes.com
Shir,sanderson2s@opensource.org
Chalmers,ccappleman2t@wordpress.org
Val,vmont2u@woothemes.com
Eva,ejann2v@weather.com
Meredeth,mstolz2w@altervista.org
Terrijo,tdormon2x@devhub.com
Gayleen,ginglesant2y@desdev.cn
Othelia,oiacovacci2z@blog.com
Nada,ntilliards30@npr.org
Perry,pboarder31@list-manage.com
Fonzie,fsharville32@linkedin.com
Anastasie,acapin33@redcross.org
Monti,mwardhaw34@dot.gov
Ethelyn,elister35@last.fm
Park,pshallcrass36@bravesites.com
Ruperto,rgarrity37@ftc.gov
Diann,dfrapwell38@chron.com
Del,dcantos39@yahoo.co.jp
Burch,bmichel3a@phpbb.com
Sena,srouby3b@youtube.com
Arri,akirlin3c@princeton.edu
Darryl,dbengochea3d@opera.com
Craig,cyerrall3e@cdbaby.com
Rea,rmixture3f@xinhuanet.com
Olivero,owhilder3g@mediafire.com
Vanni,vblondelle3h@abc.net.au
Tomkin,tmckleod3i@people.com.cn
Corry,cshields3j@patch.com
Datha,daikman3k@booking.com
Cinderella,crean3l@desdev.cn
Rockey,randerl3m@freewebs.com
Khalil,kebdon3n@creativecommons.org
Ware,wosanne3o@xing.com
Perry,pcescotti3p@kickstarter.com
Fabien,fsyphus3q@usgs.gov
Ame,aelia3r@salon.com
Jodi,jbelamy3s@barnesandnoble.com
Lesly,lkennewell3t@ycombinator.com
Fabien,fpeaddie3u@tinyurl.com
Marthena,mjeanneau3v@nbcnews.com
Agnese,ajacobovitch3w@theatlantic.com
Orelie,omckeever3x@twitpic.com
Gussi,gbreddy3y@jugem.jp
Ange,aclayill3z@list-manage.com
Maurise,mblackham40@marriott.com
Ailene,azolini41@reverbnation.com
Ivan,ilenahan42@etsy.com
Craggy,cfrift43@youku.com
Cari,cmcgurk44@wired.com
Justina,jbroadley45@instagram.com
Gillan,gloughan46@de.vu
Rahel,rconechie47@engadget.com
Darrell,dcasone48@answers.com
Emilee,edillon49@elegantthemes.com
Fania,flaudham4a@omniture.com
Inga,ijanzen4b@cnn.com
Donall,dpowderham4c@drupal.org
Jarib,jwilbud4d@booking.com
Thain,ttunstall4e@hp.com
Alberto,ashippey4f@discuz.net
Pris,ppartleton4g@nbcnews.com
Orelle,omeysham4h@zdnet.com
Mariana,mmacintosh4i@gmpg.org
Mireielle,mhearne4j@boston.com
Frazier,fstener4k@elegantthemes.com
Gipsy,gpittem4l@dell.com
Bryan,baffuso4m@oracle.com
Bastien,bcorradengo4n@e-recht24.de
Marabel,mprisley4o@alexa.com
Jeffry,jcousins4p@is.gd
Sheffy,sfranzschoninger4q@biblegateway.com
Madelina,mcarruthers4r@marriott.com
Oliver,ooman4s@ucsd.edu
Zebulen,zportsmouth4t@discovery.com
Johna,jloachhead4u@amazon.co.jp
Efren,ehighnam4v@cpanel.net
Harmonia,hwhissell4w@webmd.com
Emilie,ealfonsini4x@ifeng.com
Paquito,pmctiernan4y@cmu.edu
Inness,icoarser4z@squarespace.com
Marta,mdurie50@lulu.com
Sindee,sclapston51@yellowbook.com
Anita,acomins52@goodreads.com
Tatiana,tmebius53@creativecommons.org
Griz,gallchorn54@ed.gov
Sigrid,servin55@uiuc.edu
Ethe,eskaid56@hugedomains.com
Oberon,omille57@wikispaces.com
Tabbi,tlandre58@wordpress.org
Laryssa,lclavering59@vkontakte.ru
Giorgio,gkealey5a@cbslocal.com
Euell,eivanchenkov5b@creativecommons.org
Otes,oallpress5c@boston.com
Siouxie,skubanek5d@devhub.com
Blakeley,bmattisssen5e@dagondesign.com
Angelico,aantrum5f@wisc.edu
Anya,ajanman5g@vkontakte.ru
Sibby,stompkiss5h@ihg.com
Devinne,dgabbat5i@wikipedia.org
Vinita,vohern5j@dropbox.com
Ermina,eiles5k@domainmarket.com
Lek,lnaldrett5l@fda.gov
Tallou,tstanlake5m@samsung.com
Merl,manyene5n@spotify.com
Loraine,lwithers5o@edublogs.org
Nicoline,npiser5p@phpbb.com
Anestassia,avasilic5q@netvibes.com
Georgia,gmacgiollapheadair5r@dot.gov
Ettore,eyarrington5s@photobucket.com
Angy,ahaggar5t@geocities.com
Tonia,tcastilla5u@newyorker.com
Georgette,gpoat5v@theatlantic.com
Roana,rdusting5w@bravesites.com
Doll,dclimson5x@hhs.gov
Mace,mhentzeler5y@newyorker.com
Julissa,jgatchel5z@booking.com
Hetty,hblader60@google.com.au
Garreth,gloker61@webs.com
Elysee,evanichkov62@quantcast.com
Hugo,hkassman63@macromedia.com
Mag,mlegen64@vistaprint.com
Starlene,smillson65@bandcamp.com
Valerye,vferns66@go.com
Roxy,rpopplewell67@google.co.jp
Matthias,msouthcombe68@ucsd.edu
Page,pcorneljes69@i2i.jp
Waite,wjaszczak6a@hibu.com
Madeline,mcorner6b@netvibes.com
Efrem,esummersett6c@discovery.com
Viki,vmckeowon6d@nasa.gov
Walker,wyuryichev6e@vinaora.com
Prescott,pmccandie6f@examiner.com
Giselbert,gmillan6g@indiatimes.com
Gladi,gmayman6h@home.pl
Rollie,rsutherel6i@mediafire.com
Abner,awell6j@businesswire.com
Sue,sivimey6k@wordpress.org
Gerladina,gbakster6l@surveymonkey.com
Robinet,rcroxon6m@mediafire.com
Lenka,lbeddoes6n@usatoday.com
Ronald,rmorshead6o@loc.gov
Wanda,whulbert6p@myspace.com
Adelice,astenhouse6q@google.de
Genevra,goscallan6r@opensource.org
Mag,mkose6s@examiner.com
Kalli,knathon6t@twitpic.com
Latisha,lbeniesh6u@canalblog.com
Isa,igorriessen6v@netvibes.com
Hortense,hvlasenko6w@boston.com
Jermaine,jsarjant6x@google.com.br
Domenic,dlewzey6y@ucsd.edu
Kalindi,kmuddiman6z@reddit.com
Lari,lpatient70@mozilla.com
Arney,acosgrove71@paypal.com
Rodger,rspini72@theatlantic.com
Lonna,lconen73@europa.eu
Alissa,amussolini74@prlog.org
Adelaida,ahancox75@oracle.com
Brianna,bfelder76@csmonitor.com
Mala,msaffon77@chron.com
Trace,tmunro78@springer.com
Ange,aartrick79@github.com
Orv,ochmiel7a@discuz.net
Cammie,cmurrum7b@slate.com
Anatol,aotton7c@nationalgeographic.com
Gilli,gcherrett7d@ebay.co.uk
Bowie,bcornbell7e@4shared.com
Des,dlardez7f@nifty.com
Monty,mtelford7g@forbes.com
Daryl,deirwin7h@ycombinator.com
Hilde,hsawkin7i@discovery.com
Rodrick,rmair7j@ameblo.jp
Katharyn,khadcroft7k@nasa.gov
Avram,aduffree7l@vistaprint.com
Jae,jvamplus7m@tripadvisor.com
Bethena,bschust7n@ft.com
Ivan,igrestie7o@cnbc.com
Stormi,stilbrook7p@sbwire.com
Vernor,vasgodby7q@spiegel.de
Bax,balster7r@forbes.com
Conroy,cperrelli7s@addtoany.com
Ransell,rygo7t@surveymonkey.com
Sauncho,sblindt7u@whitehouse.gov
Lisa,lhedger7v@ucoz.com
Sammy,sbingham7w@dropbox.com
Tab,tluther7x@si.edu
Marthena,mfookes7y@angelfire.com
Miriam,mbostock7z@amazon.de
Maye,mbenbow80@canalblog.com
Elianore,esirl81@163.com
Valera,vdeetlof82@artisteer.com
Clea,cjaze83@cdc.gov
Charin,cmccosh84@taobao.com
Wenona,wsquier85@google.es
Karissa,kdomek86@privacy.gov.au
Peyter,pfluit87@apache.org
Vic,vheeran88@yelp.com
Bran,blovemore89@meetup.com
Denise,desch8a@people.com.cn
Kipper,kcarlile8b@bigcartel.com
Sydelle,srentcome8c@twitter.com
Talbot,tveregan8d@youtube.com
Liliane,lsear8e@state.tx.us
Rica,rchuter8f@mlb.com
Brodie,brye8g@gravatar.com
Roy,reliesco8h@harvard.edu
Boote,bsamwell8i@ning.com
Jack,jcrittal8j@google.com
Renelle,rkeynes8k@cloudflare.com
Olive,otoms8l@mozilla.org
Revkah,rsigsworth8m@dion.ne.jp
Krisha,keastwood8n@sitemeter.com
Delora,dstoven8o@weebly.com
Paulita,pmclaggan8p@mashable.com
Denise,dbellinger8q@mozilla.com
Shurlocke,sokill8r@myspace.com
Patrizio,pmillis8s@posterous.com
Abbey,aferrick8t@photobucket.com
Saw,shinckley8u@devhub.com
Katina,keamer8v@prnewswire.com
Kermy,kmenat8w@bravesites.com
Dacie,dattenbrow8x@prnewswire.com
Gus,gmacneil8y@domainmarket.com
Darrelle,dvanichkov8z@qq.com
Bart,bgalletley90@marriott.com
Ronalda,rjenkyn91@slashdot.org
Adrian,asmurthwaite92@amazon.com
Zebulen,zrannigan93@over-blog.com
Dionisio,dloton94@newsvine.com
Saree,sdomleo95@lulu.com
Augustine,amargrie96@jiathis.com
Rena,rscheu97@zdnet.com
Fabio,fbellingham98@furl.net
Jeniece,jbaldinotti99@jigsy.com
Angel,amacgibbon9a@biglobe.ne.jp
Goraud,gshambrooke9b@house.gov
Uta,utewkesbury9c@google.pl
Ermengarde,eborless9d@bing.com
Bridget,bkirkness9e@e-recht24.de
Kailey,knottingam9f@noaa.gov
Griselda,gbrixham9g@creativecommons.org
Alexi,aduckhouse9h@jalbum.net
Ardene,abarti9i@comsenz.com
Lurlene,lmonte9j@domainmarket.com
Porty,pmclauchlin9k@devhub.com
Martyn,mruddlesden9l@nps.gov
Winfield,wpoure9m@rambler.ru
Renato,rbrodway9n@paypal.com
Dar,dcayser9o@msu.edu
Rees,rnorwich9p@hubpages.com
Guglielma,gbenettini9q@wikipedia.org
Isabel,itranckle9r@ehow.com
Illa,iwybern9s@archive.org
Chrysler,chumpage9t@scientificamerican.com
Symon,slovelady9u@phpbb.com
Tonye,tkeyzor9v@forbes.com
Belva,bchalles9w@wufoo.com
Fonz,friddock9x@theglobeandmail.com
Christophe,cmoorey9y@nps.gov
Thane,tdesaur9z@clickbank.net
Shawn,schecchia0@wix.com
Brig,bchildrensa1@g.co
Ambrose,ageavenya2@prlog.org
Nanci,ndabornea3@mapy.cz
Briano,bmyderscougha4@newsvine.com
Vick,vpalffya5@elegantthemes.com
Paton,phelmkea6@studiopress.com
Kaylyn,krappsa7@123-reg.co.uk
Verina,vgallehocka8@exblog.jp
Rustie,rbrennenstuhla9@java.com
Aaren,adreiniaa@sun.com
Birk,brawstorneab@domainmarket.com
Emeline,egillingsac@weebly.com
Petra,plinnardad@vimeo.com
Chloris,csparyae@wikia.com
Laurette,lmurfinaf@ucsd.edu
Verney,vswepsonag@altervista.org
Bryn,bklewerah@state.tx.us
Diana,dlinningai@meetup.com
Hersh,hspatigaj@youtu.be
Lolita,lcufflinak@bloglines.com
Aluin,akieral@nytimes.com
Wynnie,wpatingtonam@list-manage.com
Jourdan,jtrevillionan@weibo.com
Shirleen,scantorao@liveinternet.ru
Junette,jgillottap@ox.ac.uk
Teodora,tdagleasaq@noaa.gov
Almeda,aduffittar@seattletimes.com
Ardelia,apaunsfordas@spotify.com
Blisse,bissittat@cbc.ca
Germain,gkistingau@elpais.com
Nedda,nsteeleav@cmu.edu
Thorin,tblazdellaw@illinois.edu
Melissa,mtremellierax@economist.com
Guillaume,gmetherellay@ning.com
Holly,hduddenaz@sbwire.com
Kaile,kmcrinnb0@bandcamp.com
Elvyn,edalesiob1@ihg.com
Kissiah,kantognettib2@google.fr
Vannie,vbarthorpeb3@cdbaby.com
Anitra,aburgettb4@yahoo.co.jp
Elton,etynemouthb5@globo.com
Katharine,kmaudlinb6@facebook.com
Michaelina,mbridewellb7@ehow.com
Gratia,gdruganb8@boston.com
Susann,sdarganb9@quantcast.com
Oby,ohughlandba@g.co
Dominica,dmatzlbb@phpbb.com
Mariam,mborgebc@unicef.org
Broddy,bheyworthbd@hugedomains.com
Wyndham,wshanklandbe@myspace.com
Dolli,dmerredybf@hud.gov
Inigo,ikiddyebg@tripod.com
Travers,tanstisbh@aboutads.info
Chrisse,cablebi@bloglines.com
Ezri,etabnerbj@google.ca
Caryl,cmcpakebk@netscape.com
Reena,rleefebl@dropbox.com
Redford,rcharvillebm@github.com
Amberly,aartinbn@cbsnews.com
Silas,slethbridgebo@lulu.com
Dori,dlacknerbp@indiatimes.com
Desi,dbaracloughbq@booking.com
Kristos,klarawaybr@google.com.hk
Lotty,lvictorybs@imageshack.us
Trixie,tklimmekbt@sphinn.com
Laura,lhendrichbu@sina.com.cn
Hale,hschleswigholsteinbv@e-recht24.de
Bertram,bgammonbw@oakley.com
Basilio,bmcgeadybx@printfriendly.com
Odessa,oporrettby@joomla.org
Nichols,nrossboroughbz@booking.com
Agata,ablunsenc0@dyndns.org
Mariam,mmccarrickc1@livejournal.com
Pail,pbiernatc2@virginia.edu
Egon,enannininic3@google.com
Sasha,ssleepc4@unicef.org
Maybelle,mdenisotc5@independent.co.uk
Cleavland,cyvec6@prlog.org
Vallie,vlansdalec7@youku.com
Emmet,echaudretc8@taobao.com
Latashia,lskeatc9@ihg.com
Jerrilyn,jdahlgrenca@google.de
Raddy,rvarahcb@hostgator.com
Jill,jmccaycc@devhub.com
Erinna,ebrownsettcd@vk.com
Morgana,mcrosswaitece@tripadvisor.com
Libbie,lrubkecf@artisteer.com
Nollie,ntremolierescg@gov.uk
Stanwood,spundych@unicef.org
Rory,rthorsenci@1688.com
Bran,bclickcj@ezinearticles.com
Marietta,mkamallck@tiny.cc
Ernest,ewyecl@biblegateway.com
Brian,brubenczykcm@wix.com
Magdalen,manshellcn@dell.com
Tally,tleavesco@weebly.com
Eda,edefriescp@sciencedaily.com
Dorthea,dskeldingcq@yandex.ru
Salomon,schesscr@sourceforge.net
Locke,lsebrookcs@youtu.be
Sheela,smcdirmidct@cloudflare.com
Xenia,xchazerandcu@istockphoto.com
Joela,jproschekcv@phoca.cz
Rozella,rjeffscw@tamu.edu
Berry,bmaciociacx@state.tx.us
Hester,hdecrucecy@ovh.net
Anallise,ablaxtoncz@sina.com.cn
Ernst,ekauschked0@latimes.com
Stearn,sariesd1@bravesites.com
Egon,emercerd2@google.cn
Mar,minfantinod3@va.gov
Rosanna,rgrzegorzewskid4@marketwatch.com
Granthem,gavesd5@symantec.com
Cybill,cdoubledayd6@jigsy.com
Brandie,blathleiffd7@360.cn
Glennie,gdonohoed8@reuters.com
Jeniffer,jmaltsterd9@techcrunch.com
Wilbert,wlaleveeda@livejournal.com
Seward,ssurgenordb@latimes.com
Nissa,nmcilmorowdc@zdnet.com
Ronny,rgrabbandd@google.pl
Rosemonde,rslaytonde@opera.com
Merna,mmcquakerdf@xing.com
Alyson,avasyutkindg@quantcast.com
Rey,rmccoughandh@weibo.com
Peadar,pseviourdi@taobao.com
Reuben,reastopdj@mashable.com
Thorin,tloosdk@vistaprint.com
Persis,pschroederdl@irs.gov
Jenilee,jfibbendm@cocolog-nifty.com
Allissa,ahatondn@wix.com
Anestassia,aakkerdo@pagesperso-orange.fr
Alyssa,athackhamdp@nsw.gov.au
Shandie,sorcasdq@comsenz.com
Nap,nmcalisterdr@netlog.com
Marje,mhaggards@mail.ru
Tomas,tminihanedt@microsoft.com
Linnie,lpitkethlydu@posterous.com
Russell,rgiannonidv@themeforest.net
Cristin,csevilledw@buzzfeed.com
Dorisa,dsutherandx@oracle.com
Ania,adonovindy@odnoklassniki.ru
Retha,rbedowdz@tinypic.com
Ola,ogibbettse0@cmu.edu
Erinn,ejobine1@nationalgeographic.com
Georgeanna,ghefferone2@storify.com
Balduin,bjaggse3@ow.ly
Alexio,abenasike4@pinterest.com
Peg,pgeindree5@360.cn
Billy,bcoltarte6@barnesandnoble.com
Lorinda,lwalesbye7@samsung.com
Mara,mwrightone8@mayoclinic.com
Kahlil,kwhordleye9@reverbnation.com
Clementia,cramesea@discuz.net
Blane,bclibberyeb@wordpress.com
Joey,jraynardec@devhub.com
Emlyn,emeereed@answers.com
Annemarie,acoomee@fotki.com
Beaufort,btropmanef@mediafire.com
Demetra,dvaughteneg@cpanel.net
Darice,droozeeh@ow.ly
Carmelia,cpietrzakei@g.co
Cherish,cnesbyej@ehow.com
Ingeborg,itregeaek@springer.com
Glori,gmckombel@qq.com
Theodore,tneseyem@ifeng.com
Humberto,hchestersen@geocities.jp
Odilia,ohabershoneo@cbc.ca
Costanza,cshildrakeep@so-net.ne.jp
Morse,mpinereq@tinypic.com
Anthia,acastellanier@msu.edu
Gertrudis,gyarrantones@freewebs.com
Arlinda,adenerleyet@wikia.com
Joycelin,jcrocettoeu@cafepress.com
Linea,lbennisev@printfriendly.com
Veronica,veldershawew@discuz.net
Petrina,pbremnerex@kickstarter.com
Neill,nbrokeey@upenn.edu
Brennen,bspauleez@arizona.edu
Merralee,merrowef0@disqus.com
Meta,mdawltreyf1@tripadvisor.com
Marianne,mluttgertf2@dot.gov
Joeann,jblagdenf3@blogs.com
Pammy,perettf4@histats.com
Carmel,cworsfoldf5@phoca.cz
Jorey,jarnullf6@cam.ac.uk
Hallie,hottleyf7@posterous.com
Trisha,tbullarf8@surveymonkey.com
Bernard,bfonzonef9@nih.gov
Alano,apeddowefa@meetup.com
Sumner,shaighfb@w3.org
Murielle,mrubrafc@sun.com
Dido,dgrigoriofd@skyrock.com
Riccardo,rdufrayfe@cdc.gov
Fawn,ftillertonff@addtoany.com
Valerye,vvanyukhinfg@irs.gov
Job,jtrainfh@netvibes.com
Josey,jwichardfi@netscape.com
Sonya,scianifj@unc.edu
Caye,cgraithfk@nsw.gov.au
Cliff,cwadlowfl@cornell.edu
Katherine,kmynettfm@phpbb.com
Tanitansy,thairyesfn@g.co
Isidora,icastanhofo@mlb.com
Brandie,bdifranceschifp@google.pl
Edyth,enorsworthyfq@google.it
Gordy,gheddonfr@sciencedaily.com
Josee,jcabralesfs@friendfeed.com
Waylon,wspickettft@boston.com
Ruben,rdensumbefu@aboutads.info
Sampson,scrackettfv@eventbrite.com
Annemarie,asnalumfw@phoca.cz
Natividad,nblewmenfx@zdnet.com
Kelby,krounsefullfy@t.co
Leeanne,lbibbiefz@weather.com
Dorine,dbrassg0@spiegel.de
Rickey,rpellittg1@privacy.gov.au
Remy,rricciardellig2@marriott.com
Bennett,bthirlawayg3@ning.com
Lyda,lmaffeog4@mac.com
Corrie,cgrimsleyg5@disqus.com
Florian,fdameiseleg6@timesonline.co.uk
Vonnie,vbrobyng7@dion.ne.jp
Garey,gpeatg8@bigcartel.com
Ortensia,omaccallisterg9@cnet.com
Randell,rdemorenoga@ucla.edu
Nichol,nbalsergb@geocities.jp
Kasey,kbennellgc@unicef.org
Ingaberg,icullongd@goo.gl
Lydon,ldesantosge@drupal.org
Aguie,avanrembrandtgf@nytimes.com
Korie,kjoffegg@xing.com
Devi,djanngh@aboutads.info
Vladamir,vjoveygi@woothemes.com
Faustina,fheapegj@sun.com
Row,rgabbatgk@apple.com
Ginger,gbusbygl@is.gd
Warren,wtoupegm@umich.edu
Didi,dgerkensgn@macromedia.com
Lexy,ltuffsgo@noaa.gov
Hester,htoftgp@hexun.com
Kelby,ktomsagq@go.com
Alford,ajinkinsgr@prlog.org
Marjie,mmillettgs@deliciousdays.com
Xylia,xnannonigt@deviantart.com
Silvanus,ssallnowgu@cafepress.com
Tarra,tcarisgv@mit.edu
Randi,rturrellgw@issuu.com
Gerardo,gstrethillgx@eepurl.com
Hodge,hkitchingmangy@issuu.com
Clair,chobdengz@hud.gov
Terencio,tbiggerdikeh0@deliciousdays.com
Oran,ochesselh1@so-net.ne.jp
Tully,tcheineh2@vkontakte.ru
Gabriell,gpowletth3@over-blog.com
Charisse,cgolsonh4@ehow.com
Siffre,salsinah5@independent.co.uk
Joellyn,janneslieh6@nhs.uk
Forbes,fpennigarh7@marketwatch.com
Don,dmckilloph8@mapquest.com
Ferdinanda,faddionisioh9@elpais.com
Joceline,jmacailineha@storify.com
Elijah,elanceleyhb@columbia.edu
Natalee,ncholmondeleyhc@desdev.cn
Putnam,ppevrealhd@pbs.org
Filippo,fbaconhe@phoca.cz
Ferdie,fflamankhf@epa.gov
Stefania,srittelmeyerhg@etsy.com
Clementia,cmccaughanhh@narod.ru
Anabel,aohengertyhi@economist.com
Kermie,kduffieldhj@google.co.jp
Jenna,jsoutterhk@bloglines.com
Reynolds,rmacgaheyhl@nifty.com
Ardelia,apaddemorehm@psu.edu
Twila,tmallabarhn@google.com.br
Garnette,groggeroneho@deliciousdays.com
Ty,trosewallhp@deviantart.com
Allis,askellernhq@seesaa.net
Saunders,scowthardhr@livejournal.com
Tiphani,tortshs@home.pl
Lorelei,lslatcherht@g.co
Norene,npuckhamhu@accuweather.com
Cher,celleringtonhv@paginegialle.it
Adan,acordeuxhw@de.vu
Ber,bdunsirehx@devhub.com
Sigrid,springlehy@kickstarter.com
Candi,cpesslerhz@spotify.com
Claude,cvasilchikovi0@slashdot.org
Lenka,lwhitechurchi1@mediafire.com
Amabel,abevensi2@icio.us
Lynnet,laudritti3@paginegialle.it
Dierdre,dmcconachiei4@skyrock.com
Mommy,mbaldazzii5@eepurl.com
Collette,cspilsteadi6@cargocollective.com
Holli,hscrewtoni7@artisteer.com
Sophia,scadogani8@seattletimes.com
Genovera,grobshawi9@hao123.com
Kalil,kmaylardia@squarespace.com
Laraine,lfillinghamib@cyberchimps.com
Aloysius,ayarnallic@wikia.com
Nollie,ncaldeyrouxid@state.gov
Haily,hhodgeie@hostgator.com
Benjamen,bmacgillreichif@indiatimes.com
Rip,rthowig@irs.gov
Hollie,hshobbrookih@comsenz.com
Heda,hharsnipeii@wordpress.com
Freedman,fhawkinij@miitbeian.gov.cn
Mary,mseagarik@netlog.com
Egan,emccrawil@topsy.com
Mommy,merswellim@squidoo.com
Omero,osporrijin@t.co
Doralynne,dtoulamainio@tripod.com
Pauly,psharrattip@ifeng.com
Guendolen,groppiq@sina.com.cn
Joshua,jpengilleyir@wunderground.com
Tanitansy,trainforthis@studiopress.com
Ramsey,rmacaleesit@ehow.com
Winne,wchestoniu@tamu.edu
Matthieu,meverixiv@icq.com
Timothy,tmackieiw@tripadvisor.com
Skye,sblunnix@opera.com
Bailey,bfarnoniy@deviantart.com
Caitrin,cdunwoodyiz@msn.com
Brande,bwitheyj0@usgs.gov
Stirling,shatryj1@paginegialle.it
Nelli,nbrewinsj2@nsw.gov.au
Jeanie,jdorseyj3@ezinearticles.com
Dahlia,dcharvillej4@e-recht24.de
Trenton,tpoundsj5@shutterfly.com
Susana,skesperj6@taobao.com
Romona,rjonahj7@macromedia.com
Lula,ltimmermannj8@ucla.edu
Cassie,charfletej9@odnoklassniki.ru
Darcy,djeramsja@ehow.com
Eldredge,edowderswelljb@nymag.com
Kalinda,khastingsjc@t.co
Rick,rdrijd@studiopress.com
Anton,atunnyje@salon.com
Leia,lcashleyjf@rakuten.co.jp
Johnna,jskeltonjg@ocn.ne.jp
Ginny,gegdaljh@ucoz.com
Wadsworth,wspadelliji@toplist.cz
Stafani,spennettajj@theglobeandmail.com
Judie,jsalomonjk@nifty.com
Corrie,cslynejl@parallels.com
Doretta,dgammadejm@cargocollective.com
Deerdre,dearryjn@kickstarter.com
Fayth,fidejo@tinyurl.com
Arly,alacroutsjp@tinyurl.com
Nickolaus,nlippiettjq@omniture.com
Harmon,hcovottojr@dell.com
Ynez,yglasserjs@acquirethisname.com
Annadiane,aharderjt@constantcontact.com
Janos,jfliegju@slideshare.net
Nananne,nhartupjv@moonfruit.com
Jean,jferroneljw@china.com.cn
Wallace,wjosselsonjx@examiner.com
Whitaker,wmullesjy@mozilla.com
Reggie,rgaffeyjz@unesco.org
Zachary,zstanbridgek0@nymag.com
Fifine,fcarrolk1@bloglovin.com
Annalise,agodink2@cdc.gov
Shannan,ssarverk3@oracle.com
Bartholemy,bdominok4@lulu.com
Jocko,jkettlesonk5@nymag.com
Madonna,mmcettigenk6@nymag.com
Annamaria,aseniourk7@cdbaby.com
Yalonda,ymacilhargyk8@alexa.com
Tod,tcorringhamk9@businessinsider.com
Lurleen,lwaylettka@wsj.com
Courtnay,cdiffleykb@e-recht24.de
Theodora,tpetruliskc@java.com
Peyton,pbarwoodkd@cam.ac.uk
Sianna,scrossgroveke@photobucket.com
Elenore,egiblinkf@yale.edu
Cyndi,cparsonskg@home.pl
Brook,bhanveykh@theglobeandmail.com
Reena,rbrandeski@4shared.com
Dasie,dpellattkj@nasa.gov
Rance,rskillingtonkk@salon.com
Rebecka,rhambrightkl@reddit.com
Tansy,tscedallkm@usnews.com
Elton,elewzeykn@scribd.com
Valentina,vbeisleyko@rediff.com
Bernarr,bescoffreykp@mac.com
Cacilia,cpickworthkq@census.gov
Mindy,mpeachkr@addtoany.com
Meredith,mlacknerks@latimes.com
Shirl,sbeakt@blogs.com
Jodi,jblencoeku@eepurl.com
Thurstan,tdeschleinkv@merriam-webster.com
Fairfax,fcowderoykw@bbb.org
Savina,ssayleskx@google.ru
Nevil,nmackelworthky@twitpic.com
Lowrance,lodoogankz@google.com.br
Chad,cdukesburyl0@foxnews.com
Patric,pmullenderl1@arizona.edu
Dene,dstennersl2@ovh.net
Sherwood,smatushevitzl3@vimeo.com
Nealson,ngorchl4@usgs.gov
Row,raluardl5@techcrunch.com
Rosabelle,rtiffanyl6@ifeng.com
Ferdinand,fbeaganl7@newyorker.com
Dyanne,droslenl8@yelp.com
Padraic,pabethelll9@e-recht24.de
Howey,hbracchila@twitpic.com
Conny,cmccutcheonlb@hugedomains.com
Lanni,lbavidgelc@csmonitor.com
Judon,jsallierld@apple.com
Camilla,ctippingsle@salon.com
Theodore,tgerleitlf@amazon.de
Chan,ccarlucciolg@answers.com
Innis,ihaberjamlh@tmall.com
Padraic,pinsallli@goodreads.com
Conny,cbernthlj@mapquest.com
Arlyn,ayakobowitzlk@techcrunch.com
Aloise,aheggisonll@craigslist.org
Eleanor,emoverleylm@indiatimes.com
Micah,mdoleln@hp.com
Decca,dcopnalllo@google.com.br
Evelyn,erosternlp@pen.io
Susanne,sboomeslq@java.com
Doloritas,dzebedeelr@nationalgeographic.com
Shay,sbernardinls@plala.or.jp
Edouard,epeterkinlt@123-reg.co.uk
Grant,gmabonelu@cbslocal.com
Nanice,nrobelinlv@edublogs.org
Tobe,truggelw@blogtalkradio.com
Chelsey,crushfordlx@narod.ru
Filmore,fglasly@harvard.edu
Xever,xstitsonlz@nature.com
Gerri,gjorgem0@cisco.com
Genni,gibellm1@usatoday.com
Colby,csmidmoorm2@blogger.com
Christye,cdelacotem3@furl.net
Ermentrude,emcgebenaym4@hubpages.com
Deerdre,dmeadenm5@vinaora.com
Shep,svandenbroekm6@ustream.tv
Shoshanna,sroomm7@hc360.com
Theodore,truseworthm8@sciencedaily.com
Cassandry,cgavaranm9@cocolog-nifty.com
Merridie,mbossonma@bravesites.com
Raleigh,rbalymb@gravatar.com
Titus,tbrennekemc@tripod.com
Lana,lbiaginimd@mysql.com
Neely,nprazerme@bloglovin.com
Eva,eshortmf@rediff.com
Talia,trenboldmg@bluehost.com
Georgina,gfernanmh@harvard.edu
Brew,brishmanmi@google.ru
Bette,blucianomj@last.fm
Dulcinea,dgaywoodmk@posterous.com
Marin,mbloomanml@smugmug.com
Mercy,mandriolimm@latimes.com
Iormina,ihukinsmn@desdev.cn
Doloritas,dcoxheadmo@blogger.com
Lynsey,ltewnionmp@timesonline.co.uk
Konstanze,ktrimmillmq@chron.com
Georgiana,ghuxhammr@time.com
Denney,dkingms@woothemes.com
Poppy,pniemetzmt@domainmarket.com
Cordey,cmccawleymu@netvibes.com
Hilarius,hiacovacciomv@discuz.net
Isabelle,iclohissymw@dot.gov
Heinrick,hdaviddemx@mediafire.com
Sarene,sgregorinmy@ycombinator.com
Marga,mdallmz@yale.edu
Etta,echuckn0@statcounter.com
Silvana,snettlen1@arstechnica.com
Zebadiah,zdecruzn2@indiatimes.com
Jacinda,jmoorheadn3@abc.net.au
Dionis,dsherredn4@samsung.com
Carolus,coheffernann5@nhs.uk
Bryant,beannettan6@histats.com
Hamnet,hzywickin7@oracle.com
Stormi,swoollacottn8@loc.gov
Jule,jneamen9@rambler.ru
Bee,bbutchardna@theatlantic.com
Romola,rwoodbridgenb@ucsd.edu
Nataline,nerringtonnc@arizona.edu
Glennie,ghorleynd@addtoany.com
Deck,dpridenne@jiathis.com
Quill,qdykinsnf@flickr.com
Izabel,ileahyng@ucoz.com
Redford,rstilemannh@fema.gov
Liv,lsmallcombni@networksolutions.com
Jessey,jfeatherstonenj@4shared.com
Alexandra,afranzennk@google.ru
Cyrus,cpatenl@msu.edu
Wilma,wblofeldnm@1688.com
Damien,dcollarnn@accuweather.com
Caresa,cdreierno@altervista.org
Kaitlynn,knoadesnp@people.com.cn
Eddy,edomannq@angelfire.com
Elmer,erendellnr@bloomberg.com
Pennie,pmacellenns@taobao.com
James,jstansbient@a8.net
Codi,crodgenu@addtoany.com
Allyn,abrundallnv@mediafire.com
Shelby,sbelliveaunw@geocities.jp
Dale,dfiddymontnx@howstuffworks.com
Arther,ariversny@mit.edu
Carleton,cgronounz@furl.net
Barnett,bmylechreesto0@dropbox.com
Rebecca,rmorisono1@blogger.com
Benjamen,bmallabundo2@addtoany.com
Cookie,cwaddinghamo3@newsvine.com
Doralynne,djaumeo4@freewebs.com
Lawrence,lrossio5@youku.com
Leone,ljoutapaviciuso6@seattletimes.com
Art,amarrowo7@elpais.com
Ase,asomerso8@spotify.com
Dixie,dtrevono9@nih.gov
Jaine,jbartosoa@washington.edu
Tommy,tdockrillob@51.la
Teena,tcottamoc@businessweek.com
Joceline,jbeekeod@ed.gov
Nicola,nscrigmouroe@nationalgeographic.com
Pincas,ptelfordof@howstuffworks.com
Janice,jgandleyog@a8.net
Patsy,pfreeoh@washington.edu
Hersch,hallenoi@last.fm
Jard,jcammomileoj@answers.com
Damian,dgodilingtonok@people.com.cn
Jemmie,jmosdillol@globo.com
Alice,acuttlerom@diigo.com
Dolorita,dniemiecon@i2i.jp
Katerina,kduckerinoo@imgur.com
Penni,polesop@sourceforge.net
Myrwyn,mkinahanoq@g.co
Arron,adobbinsor@about.me
Libbey,lbolanos@naver.com
Emalee,elyesot@geocities.com
Clarie,cpolkinghorneou@wikipedia.org
Boot,btwidaleov@themeforest.net
Astrix,akamiyamaow@cafepress.com
Artair,aeddsox@jiathis.com
Stephine,sigglesdenoy@cdc.gov
Nikolaus,npolleroz@mozilla.org
Sabine,srobbep0@examiner.com
Virge,vlabetp1@oaic.gov.au
Thelma,tdibiaggip2@yellowbook.com
Stephanie,sgekep3@elegantthemes.com
Katey,kgilleasep4@parallels.com
Marlo,mpettersp5@engadget.com
Fanechka,fradbandp6@imdb.com
Ashien,aitzcovichchp7@webmd.com
Eryn,eskacelp8@utexas.edu
Maury,msainsburybrownp9@uiuc.edu
Rhona,rsemradpa@about.me
Lovell,lburnippb@time.com
Marlin,mverdunpc@kickstarter.com
Celinka,caggaspd@vistaprint.com
Benedikta,bmakerpe@walmart.com
Alvira,acristofolinipf@cdbaby.com
Shaina,sgodthaabpg@gov.uk
Terrel,tpasleyph@typepad.com
Latrena,lduhamelpi@latimes.com
Alano,ajorckepj@dedecms.com
Carmita,ckenyampk@dell.com
Fawnia,findruchpl@si.edu
Katine,kgockelerpm@dedecms.com
Allister,aforshawpn@list-manage.com
Glyn,gabramowpo@goodreads.com
Tabbi,ttabourelpp@examiner.com
Lira,ldoylepq@g.co
Taite,tquestepr@usnews.com
Cy,cbustinps@apache.org
Ashli,amalenfantpt@pbs.org
Heddie,hleavoldpu@eepurl.com
Melessa,mconnoppv@vinaora.com
Ferdinanda,fsadatpw@amazon.co.jp
Godart,gwixpx@dailymotion.com
Constantia,cuwinspy@yellowpages.com
Tris,tridehalghpz@cloudflare.com
Sarajane,sprandiq0@intel.com
Melitta,minglebyq1@jiathis.com
Hurlee,hlorekq2@shareasale.com
Hatti,hblizardq3@parallels.com
Stuart,spargentq4@hud.gov
Scarlett,ssimoq5@aol.com
Drud,dbloorq6@washington.edu
Ashbey,afarraq7@hud.gov
Keith,keasbieq8@kickstarter.com
Murvyn,mwoodrowq9@odnoklassniki.ru
Kort,kmaccallionqa@issuu.com
Opaline,ocamblinqb@domainmarket.com
Mona,mcellaqc@craigslist.org
Melisandra,mferfulleqd@nasa.gov
Britt,bellereyqe@newsvine.com
Hirsch,hpescodqf@miibeian.gov.cn
Silvano,swhetherqg@google.com
Randell,rcuttleqh@cornell.edu
Allianora,awybourneqi@businesswire.com
Barbey,bstilemanqj@homestead.com
Sly,sstoeckleqk@ameblo.jp
Merry,mmablestoneql@pcworld.com
Shannon,srowleyqm@is.gd
Benoit,bbydawayqn@squarespace.com
Buddy,bbuddellqo@w3.org
Herminia,hmcgreilqp@unicef.org
Chrysa,clateyqq@netlog.com
Lilias,lschaffelqr@ucsd.edu
Rorie,relfordqs@google.es
Paolo,pficklingqt@dedecms.com
Raddie,rpenhalequ@studiopress.com
Felic,fhendinqv@netlog.com
Skye,sconmanqw@usnews.com
Harriett,hlanstonqx@odnoklassniki.ru
Thomasin,tdarbyqy@a8.net
Charyl,cdurningqz@wp.com
Josee,jtregenzar0@phoca.cz
Mikel,mheaker1@dion.ne.jp
Shell,sterzzar2@i2i.jp
Leanora,lwhittlesr3@shareasale.com
Candi,cconaghanr4@miitbeian.gov.cn
Meggie,mtemblettr5@mediafire.com
Rosaleen,rsimlar6@fc2.com
Early,egoeffr7@rediff.com
Mae,mblythingr8@odnoklassniki.ru
Margalo,mjacobszr9@google.it
Tracey,tayrisra@wiley.com
Errol,ebailsrb@state.tx.us
Roslyn,rpressnellrc@europa.eu
Germayne,gfaddenrd@tripod.com
Adrianne,abogeyre@csmonitor.com
Mirelle,mguerryrf@netlog.com
Wadsworth,wfolinirg@hubpages.com
Leanora,ltweedrh@webeden.co.uk
Dreddy,dmcdoolri@alexa.com
Agace,agonzalvorj@google.ca
Charlean,cgrelakrk@about.com
Evvy,eremirezrl@acquirethisname.com
Rosa,rprichardrm@hexun.com
Del,dhuotrn@census.gov
Angel,adoolandro@theguardian.com
Randi,rmacnairrp@cnet.com
Orrin,otrolleyrq@buzzfeed.com
Ardisj,aschefflerrr@nsw.gov.au
